{"cameraMode":{"drawMode":0,"name":"Shaded","section":"Shading Mode"},"sceneLighting":true,"audioPlay":false,"sceneViewState":{"showFog":false,"showMaterialUpdate":true,"showSkybox":true,"showFlares":false,"showImageEffects":true,"showParticleSystems":true},"in2DMode":false,"pivot":{"x":15.462109565734864,"y":1.0056464672088624,"z":1.5443556308746338},"rotation":{"x":-0.03952211141586304,"y":0.33733245730400088,"z":0.014176344498991967,"w":0.9404494762420654},"size":5.137965679168701,"orthographic":false}