{"cameraMode":{"drawMode":0,"name":"Shaded","section":"Shading Mode"},"sceneLighting":false,"audioPlay":true,"sceneViewState":{"showFog":false,"showMaterialUpdate":true,"showSkybox":false,"showFlares":false,"showImageEffects":true,"showParticleSystems":true},"in2DMode":false,"pivot":{"x":0.12165946513414383,"y":4.308217525482178,"z":2.9354729652404787},"rotation":{"x":0.0005061753909103572,"y":0.9994943737983704,"z":-0.02249242179095745,"w":0.022492408752441407},"size":1.353597640991211,"orthographic":false}