{"cameraMode":{"drawMode":0,"name":"Shaded","section":"Shading Mode"},"sceneLighting":false,"audioPlay":false,"sceneViewState":{"showFog":true,"showMaterialUpdate":false,"showSkybox":false,"showFlares":true,"showImageEffects":true,"showParticleSystems":true},"in2DMode":false,"pivot":{"x":-8.940696716308594e-8,"y":0.09212621301412583,"z":0.0},"rotation":{"x":0.000008999943929666188,"y":0.9999809265136719,"z":-0.005999958608299494,"w":0.0014999725390225649},"size":0.2136445939540863,"orthographic":false}